"","comparison","thresholdVector"
"1","LP1hvRM1h",154.704218630325
"2","LP2hvRM2h",32.9331129469826
"3","LP24hvRM24h",185.306139161045
"4","LP49hvRM49h",95.0512708638829
